{"body":[{"val":"..\/..\/img\/patterns\/pattern1.png","selector":"body","attr":"background-image"},{"val":"","selector":"body","attr":"background-attachment"},{"val":"","selector":"body","attr":"background-position"},{"val":"","selector":"body","attr":"background-repeat"},{"val":"d43e3e","selector":"body #page","attr":"background-color"},{"val":"..\/..\/img\/patterns\/pattern1.png","selector":"body #page","attr":"background-image"},{"val":"","selector":"body #page","attr":"background-attachment"},{"val":"","selector":"body #page","attr":"background-position"},{"val":"","selector":"body #page","attr":"background-repeat"},{"val":"781a1a","selector":".container","attr":"background-color"},{"val":"14","selector":"body #page","attr":"font-size"},{"val":"f5f2f2","selector":"body #page","attr":"color"},{"val":"9e5d5d","selector":"body #page a","attr":"color"},{"val":"bf4545","selector":"a:hover","attr":"color"}],"topbar":[{"val":"8f2525","selector":"#topbar .container","attr":"background-color"},{"val":"8c2727","selector":"#topbar .row","attr":"border-color"},{"val":"7a1818","selector":"#topbar","attr":"color"},{"val":"faf5f5","selector":"#topbar a","attr":"color"},{"val":"","selector":"#topbar a:hover, header .nav a:hover, header .nav a.active","attr":"color"}],"header-main":[{"val":"b01e1e","selector":"#header","attr":"background-color"},{"val":"ba4747","selector":"#header","attr":"color"},{"val":"b05a5a","selector":"#header a","attr":"color"},{"val":"","selector":"#header a:hover","attr":"color"},{"val":"a64949","selector":"#search_block_top #search_query_top","attr":"background-color"},{"val":"f5f5f5","selector":"#search_block_top input.form-control ","attr":"color"}],"mainnav":[{"val":"302626","selector":"#cavas_menu","attr":"background-color"},{"val":"6e2f2f","selector":"#leo-top-menu .nav > li","attr":"border-color"},{"val":"632828","selector":"#cavas_menu a","attr":"color"},{"val":"","selector":"#leo-top-menu .dropdown-menu a:hover","attr":"color"}],"footer-top":[{"val":"4f0f0f","selector":"#footertop .container","attr":"background-color"},{"val":"","selector":"#footertop","attr":"color"},{"val":"8a2121","selector":"#footertop a","attr":"color"},{"val":"","selector":"#footertop a:hover","attr":"color"},{"val":"","selector":"#footertop","attr":"background-image"},{"val":"","selector":"#footertop","attr":"background-attachment"},{"val":"","selector":"#footertop","attr":"background-position"},{"val":"","selector":"#footertop","attr":"background-repeat"}],"footer-center":[{"val":"120f0f","selector":"#footercenter .container","attr":"background-color"},{"val":"","selector":"#footercenter","attr":"color"},{"val":"","selector":"#footercenter a","attr":"color"},{"val":"","selector":"#footercenter a:hover","attr":"color"},{"val":"0d0404","selector":".footer-container #footercenter .container > div","attr":"border-color"},{"val":"","selector":"#footercenter .container","attr":"background-image"},{"val":"","selector":"#footercenter .container","attr":"background-attachment"},{"val":"","selector":"#footercenter .container","attr":"background-position"},{"val":"","selector":"#footercenter .container","attr":"background-repeat"}],"powered":[{"val":"401515","selector":"#footernav .container > div.inner","attr":"background-color"},{"val":"","selector":"#footernav .container","attr":"color"},{"val":"","selector":"#footernav .container a","attr":"color"},{"val":"","selector":"#footernav .container a:hover","attr":"color"},{"val":"..\/..\/img\/patterns\/pattern6.png","selector":"#footernav .container > div.inner","attr":"background-image"},{"val":"","selector":"#footernav .container > div.inner","attr":"background-attachment"},{"val":"","selector":"#footernav .container > div.inner","attr":"background-position"},{"val":"","selector":"#footernav .container > div.inner","attr":"background-repeat"}],"product":[{"val":"","selector":".pb-center-column h1","attr":"color"},{"val":"","selector":".box-info-product .price","attr":"color"},{"val":"","selector":".box-info-product .old-price","attr":"color"},{"val":"","selector":".box-info-product .exclusive","attr":"background-color"},{"val":"","selector":".box-info-product .exclusive","attr":"color"},{"val":"","selector":".box-info-product #wishlist_button, .box-info-product #wishlist_button:before","attr":"color"}],"modules":[{"val":"","selector":".sidebar .block .title_block","attr":"background-color"},{"val":"","selector":".sidebar .block .title_block a, .sidebar .block .title_block","attr":"color"},{"val":"","selector":".sidebar .block .block_content","attr":"background-color"},{"val":"","selector":".sidebar .block .block_content","attr":"color"},{"val":"","selector":".sidebar .block .block_content, .sidebar .block_content li ","attr":"border-color"}],"highlighted-modules":[{"val":"","selector":".sidebar .block.highlighted .title_block","attr":"background-color"},{"val":"","selector":".sidebar .block.highlighted .title_block, .sidebar .block.highlighted .title_block a ","attr":"color"},{"val":"","selector":".sidebar .block.highlighted .block_content","attr":"background-color"},{"val":"","selector":".sidebar .block.highlighted .block_content","attr":"color"},{"val":"","selector":".sidebar .block.highlighted .block_content a","attr":"color"},{"val":"","selector":".sidebar .block.highlighted .block_content li a, .sidebar .block.highlighted .block_content ","attr":"border-color"}]}