{"body":[{"val":"","selector":"body","attr":"background-image"},{"val":"","selector":"body","attr":"background-attachment"},{"val":"","selector":"body","attr":"background-position"},{"val":"","selector":"body","attr":"background-repeat"},{"val":"","selector":"body #page","attr":"background-color"},{"val":"","selector":"body #page","attr":"background-image"},{"val":"","selector":"body #page","attr":"background-attachment"},{"val":"","selector":"body #page","attr":"background-position"},{"val":"","selector":"body #page","attr":"background-repeat"},{"val":"","selector":".container","attr":"background-color"},{"val":"","selector":"body #page","attr":"font-size"},{"val":"","selector":"body #page","attr":"color"},{"val":"","selector":"body #page a","attr":"color"},{"val":"","selector":"a:hover","attr":"color"}],"topbar":[{"val":"","selector":"#topbar .container","attr":"background-color"},{"val":"","selector":"#topbar .row","attr":"border-color"},{"val":"","selector":"#topbar","attr":"color"},{"val":"","selector":"#topbar a","attr":"color"},{"val":"","selector":"#topbar a:hover, header .nav a:hover, header .nav a.active","attr":"color"}],"header-main":[{"val":"","selector":"#header","attr":"background-color"},{"val":"","selector":"#header","attr":"color"},{"val":"","selector":"#header a","attr":"color"},{"val":"","selector":"#header a:hover","attr":"color"},{"val":"","selector":"#search_block_top #search_query_top","attr":"background-color"},{"val":"","selector":"#search_block_top input.form-control ","attr":"color"}],"mainnav":[{"val":"","selector":"#cavas_menu","attr":"background-color"},{"val":"","selector":"#leo-top-menu .nav > li","attr":"border-color"},{"val":"","selector":"#cavas_menu a","attr":"color"},{"val":"","selector":"#leo-top-menu .dropdown-menu a:hover","attr":"color"}],"footer-top":[{"val":"","selector":"#footertop .container","attr":"background-color"},{"val":"","selector":"#footertop","attr":"color"},{"val":"","selector":"#footertop a","attr":"color"},{"val":"","selector":"#footertop a:hover","attr":"color"},{"val":"","selector":"#footertop","attr":"background-image"},{"val":"","selector":"#footertop","attr":"background-attachment"},{"val":"","selector":"#footertop","attr":"background-position"},{"val":"","selector":"#footertop","attr":"background-repeat"}],"footer-center":[{"val":"","selector":"#footercenter .container","attr":"background-color"},{"val":"","selector":"#footercenter","attr":"color"},{"val":"","selector":"#footercenter a","attr":"color"},{"val":"","selector":"#footercenter a:hover","attr":"color"},{"val":"","selector":".footer-container #footercenter .container > div","attr":"border-color"},{"val":"","selector":"#footercenter .container","attr":"background-image"},{"val":"","selector":"#footercenter .container","attr":"background-attachment"},{"val":"","selector":"#footercenter .container","attr":"background-position"},{"val":"","selector":"#footercenter .container","attr":"background-repeat"}],"powered":[{"val":"","selector":"#footernav .container > div.inner","attr":"background-color"},{"val":"","selector":"#footernav .container","attr":"color"},{"val":"","selector":"#footernav .container a","attr":"color"},{"val":"","selector":"#footernav .container a:hover","attr":"color"},{"val":"","selector":"#footernav .container > div.inner","attr":"background-image"},{"val":"","selector":"#footernav .container > div.inner","attr":"background-attachment"},{"val":"","selector":"#footernav .container > div.inner","attr":"background-position"},{"val":"","selector":"#footernav .container > div.inner","attr":"background-repeat"}],"product":[{"val":"","selector":".pb-center-column h1","attr":"color"},{"val":"","selector":".box-info-product .price","attr":"color"},{"val":"","selector":".box-info-product .old-price","attr":"color"},{"val":"","selector":".box-info-product .exclusive","attr":"background-color"},{"val":"","selector":".box-info-product .exclusive","attr":"color"},{"val":"","selector":".box-info-product #wishlist_button, .box-info-product #wishlist_button:before","attr":"color"}],"modules":[{"val":"","selector":".sidebar .block .title_block","attr":"background-color"},{"val":"","selector":".sidebar .block .title_block a, .sidebar .block .title_block","attr":"color"},{"val":"","selector":".sidebar .block .block_content","attr":"background-color"},{"val":"","selector":".sidebar .block .block_content","attr":"color"},{"val":"","selector":".sidebar .block .block_content, .sidebar .block_content li ","attr":"border-color"}],"highlighted-modules":[{"val":"","selector":".sidebar .block.highlighted .title_block","attr":"background-color"},{"val":"","selector":".sidebar .block.highlighted .title_block, .sidebar .block.highlighted .title_block a ","attr":"color"},{"val":"","selector":".sidebar .block.highlighted .block_content","attr":"background-color"},{"val":"","selector":".sidebar .block.highlighted .block_content","attr":"color"},{"val":"","selector":".sidebar .block.highlighted .block_content a","attr":"color"},{"val":"","selector":".sidebar .block.highlighted .block_content li a, .sidebar .block.highlighted .block_content ","attr":"border-color"}]}